{"Roofing": {"line": {"y0": 0.02777777777777768, "m": 0.04777777777777778}}}{"Paint house: outside": {"line": {"y0": 0.0, "m": 0.04}}}{"Ice Skating: general": {"line": {"y0": -0.013888888888889284, "m": 0.05611111111111111}}}{"Wiring and Plumbing": {"line": {"y0": 0.01388888888888884, "m": 0.02388888888888889}}}{"Calisthenics: moderate": {"line": {"y0": -0.5138888888888884, "m": 0.03611111111111111}}}{"Carpentry: refinish furniture": {"line": {"y0": -0.5138888888888884, "m": 0.03611111111111111}}}{"Coaching Sports": {"line": {"y0": -0.02777777777777768, "m": 0.03222222222222222}}}{"Running: pushing wheelchair, marathon wheeling": {"line": {"y0": 0.013888888888887507, "m": 0.0638888888888889}}}{"Heavy Tools, not power": {"line": {"y0": 0.013888888888887507, "m": 0.0638888888888889}}}{"Plant trees": {"line": {"y0": -0.5138888888888884, "m": 0.03611111111111111}}}{"Martial Arts: judo, karate, kickbox": {"line": {"y0": 0.0, "m": 0.08}}}{"Stretching, Hatha Yoga": {"line": {"y0": -0.02777777777777768, "m": 0.03222222222222222}}}{"Basketball: playing a game": {"line": {"y0": 0.013888888888887507, "m": 0.0638888888888889}}}{"Race Walking": {"line": {"y0": -0.5277777777777777, "m": 0.05222222222222222}}}{"Tennis: general": {"line": {"y0": -0.013888888888889284, "m": 0.05611111111111111}}}{"Heavy Cleaning: wash car, windows": {"line": {"y0": -0.5138888888888884, "m": 0.03611111111111111}}}{"Masonry": {"line": {"y0": -0.013888888888889284, "m": 0.05611111111111111}}}{"Welding": {"line": {"y0": 0.01388888888888884, "m": 0.02388888888888889}}}{"Scuba or skin diving": {"line": {"y0": -0.013888888888889284, "m": 0.05611111111111111}}}{"Power Yoga": {"line": {"y0": 1.7222222222222223, "m": 0.042222222222222223}}}{"Planting seedlings, shrubs": {"line": {"y0": -0.02777777777777768, "m": 0.03222222222222222}}}{"Weight Lifting: vigorous": {"line": {"y0": 0.02777777777777768, "m": 0.04777777777777778}}}{"Rollerblade Skating": {"line": {"y0": -0.013888888888889284, "m": 0.05611111111111111}}}{"Running: cross-country": {"line": {"y0": -0.02777777777777679, "m": 0.07222222222222222}}}{"Bowling": {"line": {"y0": 0.01388888888888884, "m": 0.02388888888888889}}}{"Gardening: weeding": {"line": {"y0": -0.583333333333333, "m": 0.03666666666666667}}}{"Archery: non-hunting": {"line": {"y0": -0.4722222222222223, "m": 0.02777777777777778}}}{"Mowing Lawn: push, power": {"line": {"y0": -0.5138888888888884, "m": 0.03611111111111111}}}{"Moving: unpacking": {"line": {"y0": -0.4722222222222223, "m": 0.02777777777777778}}}{"CrossFit": {"line": {"y0": -0.7638888888888893, "m": 0.08611111111111111}}}{"Football: competitive": {"line": {"y0": -0.02777777777777679, "m": 0.07222222222222222}}}{"Standing in line": {"line": {"y0": -0.25, "m": 0.01}}}{"Playing w/kids: vigorous effort": {"line": {"y0": 0.0, "m": 0.04}}}{"Gymnastics: general": {"line": {"y0": -0.02777777777777768, "m": 0.03222222222222222}}}{"Bicycling: 14-15.9 mph": {"line": {"y0": 0.0, "m": 0.08}}}{"Swimming: laps, vigorous": {"line": {"y0": 0.0, "m": 0.08}}}{"Shoveling Snow: by hand": {"line": {"y0": 0.02777777777777768, "m": 0.04777777777777778}}}{"Bicycling: > 20 mph": {"line": {"y0": -0.527777777777775, "m": 0.1322222222222222}}}{"Computer Work": {"line": {"y0": -0.3888888888888886, "m": 0.01111111111111111}}}{"Running: 5.2 mph (11.5 min/mile)": {"line": {"y0": -0.02777777777777679, "m": 0.07222222222222222}}}{"Volleyball: non-competitive, general play": {"line": {"y0": 0.01388888888888884, "m": 0.02388888888888889}}}{"Coal Mining": {"line": {"y0": 0.02777777777777768, "m": 0.04777777777777778}}}{"Running: 8.6 mph (7 min/mile)": {"line": {"y0": -0.5138888888888893, "m": 0.11611111111111111}}}{"Sacking grass or leaves": {"line": {"y0": -0.02777777777777768, "m": 0.03222222222222222}}}{"Swimming: treading, vigorous": {"line": {"y0": 0.0, "m": 0.08}}}{"Swimming: butterfly": {"line": {"y0": 0.027777777777778567, "m": 0.08777777777777777}}}{"Dancing: slow, waltz, foxtrot": {"line": {"y0": 0.01388888888888884, "m": 0.02388888888888889}}}{"Theater Work": {"line": {"y0": 0.01388888888888884, "m": 0.02388888888888889}}}{"Mowing Lawn: push, hand": {"line": {"y0": -0.4861111111111107, "m": 0.04388888888888889}}}{"Skiing: downhill": {"line": {"y0": 0.02777777777777768, "m": 0.04777777777777778}}}{"Bicycling: BMX or mountain": {"line": {"y0": -0.47222222222222143, "m": 0.06777777777777777}}}{"Running: 6.7 mph (9 min/mile)": {"line": {"y0": 0.027777777777778567, "m": 0.08777777777777777}}}{"Carpentry Work": {"line": {"y0": -0.4722222222222223, "m": 0.02777777777777778}}}{"Reading: sitting": {"line": {"y0": -0.11111111111111116, "m": 0.008888888888888889}}}{"Hiking: cross-country": {"line": {"y0": 0.02777777777777768, "m": 0.04777777777777778}}}{"Aerobics: low impact": {"line": {"y0": -0.4861111111111107, "m": 0.04388888888888889}}}{"Walk/Jog: jog <10 min.": {"line": {"y0": 0.02777777777777768, "m": 0.04777777777777778}}}{"Child games: hop-scotch, jacks, etc.": {"line": {"y0": 0.0, "m": 0.04}}}{"Badminton: general": {"line": {"y0": -0.5138888888888884, "m": 0.03611111111111111}}}{"Aerobics: water": {"line": {"y0": -0.02777777777777768, "m": 0.03222222222222222}}}{"Hang Gliding": {"line": {"y0": -0.4722222222222223, "m": 0.02777777777777778}}}{"Swimming: backstroke": {"line": {"y0": 0.013888888888887507, "m": 0.0638888888888889}}}{"Horse Grooming": {"line": {"y0": 0.02777777777777768, "m": 0.04777777777777778}}}{"Golf: carrying clubs": {"line": {"y0": -0.4861111111111107, "m": 0.04388888888888889}}}{"Playing w/kids: moderate effort": {"line": {"y0": -0.02777777777777768, "m": 0.03222222222222222}}}{"Stair Step Machine: general": {"line": {"y0": 0.02777777777777768, "m": 0.04777777777777778}}}{"Firefighting": {"line": {"y0": -0.013888888888887507, "m": 0.0961111111111111}}}{"Swimming: breaststroke": {"line": {"y0": 0.0, "m": 0.08}}}{"Sleeping": {"line": {"y0": -0.625, "m": 0.005}}}{"Skiing: cross-country": {"line": {"y0": 0.013888888888887507, "m": 0.0638888888888889}}}{"Bicycling, Stationary: vigorous": {"line": {"y0": -0.4861111111111107, "m": 0.08388888888888889}}}{"Teaching aerobics": {"line": {"y0": 0.02777777777777768, "m": 0.04777777777777778}}}{"Basketball: wheelchair": {"line": {"y0": -0.5277777777777777, "m": 0.05222222222222222}}}{"Dancing: Fast, ballet, twist": {"line": {"y0": 0.02777777777777768, "m": 0.04777777777777778}}}{"Snorkeling": {"line": {"y0": 0.0, "m": 0.04}}}{"Construction, general": {"line": {"y0": -0.4861111111111107, "m": 0.04388888888888889}}}{"Weight Lifting: general": {"line": {"y0": 0.01388888888888884, "m": 0.02388888888888889}}}{"Dancing: disco, ballroom, square": {"line": {"y0": -0.4861111111111107, "m": 0.04388888888888889}}}{"Bicycling: 16-19 mph": {"line": {"y0": -0.013888888888887507, "m": 0.0961111111111111}}}{"Masseur, standing": {"line": {"y0": -0.02777777777777768, "m": 0.03222222222222222}}}{"Running: 5 mph (12 min/mile)": {"line": {"y0": 0.013888888888887507, "m": 0.0638888888888889}}}{"Gardening: general": {"line": {"y0": -0.5138888888888884, "m": 0.03611111111111111}}}{"Moving: carrying boxes": {"line": {"y0": -0.013888888888889284, "m": 0.05611111111111111}}}{"Volleyball: competitive, gymnasium play": {"line": {"y0": -0.02777777777777768, "m": 0.03222222222222222}}}{"Orienteering": {"line": {"y0": -0.02777777777777679, "m": 0.07222222222222222}}}{"Hockey: field & ice": {"line": {"y0": 0.013888888888887507, "m": 0.0638888888888889}}}{"Water Polo": {"line": {"y0": 0.0, "m": 0.08}}}{"Light Office Work": {"line": {"y0": -0.5277777777777777, "m": 0.012222222222222221}}}{"Aerobics, Step: low impact": {"line": {"y0": -0.013888888888889284, "m": 0.05611111111111111}}}{"Softball: general play": {"line": {"y0": 0.0, "m": 0.04}}}{"Raking Lawn": {"line": {"y0": -0.02777777777777768, "m": 0.03222222222222222}}}{"Police Officer": {"line": {"y0": -0.5, "m": 0.02}}}{"Digging, spading dirt": {"line": {"y0": 0.0, "m": 0.04}}}{"Moving: household furniture": {"line": {"y0": 0.02777777777777768,