{ "activities" : [{ "Weight Lifting: general" : { "line" : { "slope" : 1.43333333333, "y_intercept" :-176.166666667} }{ "Aerobics: water" : { "line" : { "slope" : 1.93333333333, "y_intercept" :-237.666666667} }{ "Stretching, Hatha Yoga" : { "line" : { "slope" : 1.93333333333, "y_intercept" :-237.666666667} }{ "Bikram Yoga" : { "line" : { "slope" : 4.8, "y_intercept" :-590.4} }{ "CrossFit" : { "line" : { "slope" : 5.16666666667, "y_intercept" :-635.4} }{ "Power Yoga" : { "line" : { "slope" : 2.53333333333, "y_intercept" :-309.033333333} }{ "Calisthenics: moderate" : { "line" : { "slope" : 2.16666666667, "y_intercept" :-266.333333333} }{ "Riders: general (ie., HealthRider)" : { "line" : { "slope" : 2.4, "y_intercept" :-295.0} }{ "Aerobics: low impact" : { "line" : { "slope" : 2.63333333333, "y_intercept" :-323.666666667} }{ "Stair Step Machine: general" : { "line" : { "slope" : 2.86666666667, "y_intercept" :-352.333333333} }{ "Teaching aerobics" : { "line" : { "slope" : 2.86666666667, "y_intercept" :-352.333333333} }{ "Weight Lifting: vigorous" : { "line" : { "slope" : 2.86666666667, "y_intercept" :-352.333333333} }{ "Aerobics, Step: low impact" : { "line" : { "slope" : 3.36666666667, "y_intercept" :-413.833333333} }{ "Aerobics: high impact" : { "line" : { "slope" : 3.36666666667, "y_intercept" :-413.833333333} }{ "Bicycling, Stationary: moderate" : { "line" : { "slope" : 3.36666666667, "y_intercept" :-413.833333333} }{ "Rowing, Stationary: moderate" : { "line" : { "slope" : 3.36666666667, "y_intercept" :-413.833333333} }{ "Calisthenics: vigorous" : { "line" : { "slope" : 3.83333333333, "y_intercept" :-471.166666667} }{ "Circuit Training: general" : { "line" : { "slope" : 3.83333333333, "y_intercept" :-471.166666667} }{ "Rowing, Stationary: vigorous" : { "line" : { "slope" : 4.06666666667, "y_intercept" :-499.833333333} }{ "Elliptical Trainer: general" : { "line" : { "slope" : 4.33333333333, "y_intercept" :-532.666666667} }{ "Ski Machine: general" : { "line" : { "slope" : 4.56666666667, "y_intercept" :-561.333333333} }{ "Aerobics, Step: high impact" : { "line" : { "slope" : 4.8, "y_intercept" :-590.0} }{ "Bicycling, Stationary: vigorous" : { "line" : { "slope" : 5.03333333333, "y_intercept" :-618.666666667} }{ "Billiards" : { "line" : { "slope" : 1.2, "y_intercept" :-147.5} }{ "Bowling" : { "line" : { "slope" : 1.43333333333, "y_intercept" :-176.166666667} }{ "Dancing: slow, waltz, foxtrot" : { "line" : { "slope" : 1.43333333333, "y_intercept" :-176.166666667} }{ "Frisbee" : { "line" : { "slope" : 1.43333333333, "y_intercept" :-176.166666667} }{ "Volleyball: non-competitive, general play" : { "line" : { "slope" : 1.43333333333, "y_intercept" :-176.166666667} }{ "Water Volleyball" : { "line" : { "slope" : 1.43333333333, "y_intercept" :-176.166666667} }{ "Archery: non-hunting" : { "line" : { "slope" : 1.66666666667, "y_intercept" :-204.833333333} }{ "Golf: using cart" : { "line" : { "slope" : 1.66666666667, "y_intercept" :-204.833333333} }{ "Hang Gliding" : { "line" : { "slope" : 1.66666666667, "y_intercept" :-204.833333333} }{ "Curling" : { "line" : { "slope" : 1.93333333333, "y_intercept" :-237.666666667} }{ "Gymnastics: general" : { "line" : { "slope" : 1.93333333333, "y_intercept" :-237.666666667} }{ "Horseback Riding: general" : { "line" : { "slope" : 1.93333333333, "y_intercept" :-237.666666667} }{ "Tai Chi" : { "line" : { "slope" : 1.93333333333, "y_intercept" :-237.666666667} }{ "Volleyball: competitive, gymnasium play" : { "line" : { "slope" : 1.93333333333, "y_intercept" :-237.666666667} }{ "Walking: 3.5 mph (17 min/mi)" : { "line" : { "slope" : 1.93333333333, "y_intercept" :-237.666666667} }{ "Walking: 3.0 mph (20 min/mi)" : { "line" : { "slope" : 1.73333333333, "y_intercept" :-213.166666667} }{ "Badminton: general" : { "line" : { "slope" : 2.16666666667, "y_intercept" :-266.333333333} }{ "Walking: 4 mph (15 min/mi)" : { "line" : { "slope" : 2.16666666667, "y_intercept" :-266.333333333} }{ "Kayaking" : { "line" : { "slope" : 2.4, "y_intercept" :-295.0} }{ "Skateboarding" : { "line" : { "slope" : 2.4, "y_intercept" :-295.0} }{ "Snorkeling" : { "line" : { "slope" : 2.4, "y_intercept" :-295.0} }{ "Softball: general play" : { "line" : { "slope" : 2.4, "y_intercept" :-295.0} }{ "Walking: 4.5 mph (13 min/mi)" : { "line" : { "slope" : 2.4, "y_intercept" :-295.0} }{ "Whitewater: rafting, kayaking" : { "line" : { "slope" : 2.4, "y_intercept" :-295.0} }{ "Dancing: disco, ballroom, square" : { "line" : { "slope" : 2.63333333333, "y_intercept" :-323.666666667} }{ "Golf: carrying clubs" : { "line" : { "slope" : 2.63333333333, "y_intercept" :-323.666666667} }{ "Dancing: Fast, ballet, twist" : { "line" : { "slope" : 2.86666666667, "y_intercept" :-352.333333333} }{ "Fencing" : { "line" : { "slope" : 2.86666666667, "y_intercept" :-352.333333333} }{ "Hiking: cross-country" : { "line" : { "slope" : 2.86666666667, "y_intercept" :-352.333333333} }{ "Skiing: downhill" : { "line" : { "slope" : 2.86666666667, "y_intercept" :-352.333333333} }{ "Swimming: general" : { "line" : { "slope" : 2.86666666667, "y_intercept" :-352.333333333} }{ "Walk/Jog: jog <10 min." : { "line" : { "slope" : 2.86666666667, "y_intercept" :-352.333333333} }{ "Water Skiing" : { "line" : { "slope" : 2.86666666667, "y_intercept" :-352.333333333} }{ "Wrestling" : { "line" : { "slope" : 2.86666666667, "y_intercept" :-352.333333333} }{ "Basketball: wheelchair" : { "line" : { "slope" : 3.13333333333, "y_intercept" :-385.166666667} }{ "Race Walking" : { "line" : { "slope" : 3.13333333333, "y_intercept" :-385.166666667} }{ "Ice Skating: general" : { "line" : { "slope" : 3.36666666667, "y_intercept" :-413.833333333} }{ "Racquetball: casual, general" : { "line" : { "slope" : 3.36666666667, "y_intercept" :-413.833333333} }{ "Rollerblade Skating" : { "line" : { "slope" : 3.36666666667, "y_intercept" :-413.833333333} }{ "Scuba or skin diving" : { "line" : { "slope" : 3.36666666667, "y_intercept" :-413.833333333} }{ "Sledding, luge, toboggan" : { "line" : { "slope" : 3.36666666667, "y_intercept" :-413.833333333} }{ "Soccer: general" : { "line" : { "slope" : 3.36666666667, "y_intercept" :-413.833333333} }{ "Tennis: general" : { "line" : { "slope" : 3.36666666667, "y_intercept" :-413.833333333} }{ "Basketball: playing a game" : { "line" : { "slope" : 3.83333333333, "y_intercept" :-471.166666667} }{ "Bicycling: 12-13.9 mph" : { "line" : { "slope" : 3.83333333333, "y_intercept" :-471.166666667} }{ "Football: touch, flag, general" : { "line" : { "slope" : 3.83333333333, "y_intercept" :-471.166666667} }{ "Hockey: field & ice" : { "line" : { "slope" : 3.83333333333, "y_intercept" :-471.166666667} }{ "Rock Climbing: rappelling" : { "line" : { "slope" : 3.83333333333, "y_intercept" :-471.166666667} }{ "Running: 5 mph (12 min/mile)" : { "line" : { "slope" : 3.83333333333, "y_intercept" :-471.166666667} }{ "Running: pushing wheelchair, marathon wheeling" : { "line" : { "slope" : 3.83333333333, "y_intercept" :-471.166666667} }{ "Skiing: cross-country" : { "line" : { "slope" : 3.83333333333, "y_intercept" :-471.166666667} }{ "Snow Shoeing" : { "line" : { "slope" : 3.83333333333, "y_intercept" :-471.166666667} }{ "Swimming: backstroke" : { "line" : { "slope" : 3.83333333333, "y_intercept" :-471.166666667} }{ "Volleyball: beach" : { "line" : { "slope" : 3.83333333333, "y_intercept" :-471.166666667} }{ "Bicycling: BMX or mountain" : { "line" : { "slope" : 4.06666666667, "y_intercept" :-499.833333333} }{ "Boxing: sparring" : { "line" : { "slope" : 4.33333333333, "y_intercept" :-532.666666667} }{ "Football: competitive" : { "line" : { "slope" : 4.33333333333, "y_intercept" :-532.666666667} }{ "Orienteering" : { "line" : { "slope" : 4.33333333333, "y_intercept" :-532.666666667} }{ "Running: 5.2 mph (11.5 min/mile)" : { "line" : { "slope" : 4.33333333333, "y_intercept" :-532.666666667} }{ "Running: cross-country" : { "line" : { "slope" : 4.33333333333,